GITHUB .IO			
			
			
Files	CODE	PREVIEV PAGE	
Type	wahyu9kdl.github.io /	https://wahyu9kdl.github.io/	
Name	DASHBOARD/Aw Service/js/jquery.min.js	https://wahyu9kdl.github.io/DASHBOARD/Aw Service/js/jquery.min.js	
Commit time	DASHBOARD/Aw Service/js/main.js	https://wahyu9kdl.github.io/DASHBOARD/Aw Service/js/main.js	
DASHBOARD	DASHBOARD/Aw Service/js/owl.carousel.js	https://wahyu9kdl.github.io/DASHBOARD/Aw Service/js/owl.carousel.js	
16 minutes ago	DASHBOARD/Aw Service/js/wow.min.js	https://wahyu9kdl.github.io/DASHBOARD/Aw Service/js/wow.min.js	
DASHBOARD	DASHBOARD/Aw Service/left-arrow.jpg	https://wahyu9kdl.github.io/DASHBOARD/Aw Service/left-arrow.jpg	
HTML	DASHBOARD/Aw Service/phone-image.png	https://wahyu9kdl.github.io/DASHBOARD/Aw Service/phone-image.png	
2 days ago	DASHBOARD/Aw Service/quotes-1.jpg	https://wahyu9kdl.github.io/DASHBOARD/Aw Service/quotes-1.jpg	
HTML	DASHBOARD/Aw Service/quotes-2.jpg	https://wahyu9kdl.github.io/DASHBOARD/Aw Service/quotes-2.jpg	
ads	DASHBOARD/Aw Service/right-arrow.jpg	https://wahyu9kdl.github.io/DASHBOARD/Aw Service/right-arrow.jpg	
2 days ago	DASHBOARD/Aw Service/smartphone-1.png	https://wahyu9kdl.github.io/DASHBOARD/Aw Service/smartphone-1.png	
ads	DASHBOARD/Aw Service/smartphone-2.png	https://wahyu9kdl.github.io/DASHBOARD/Aw Service/smartphone-2.png	
css	DASHBOARD/PROJECTS/ANIMATION/Expanding Cards Github.html	https://wahyu9kdl.github.io/DASHBOARD/PROJECTS/ANIMATION/Expanding Cards Github.html	
8 days ago	DASHBOARD/PROJECTS/ANIMATION/Generator-Color.html	https://wahyu9kdl.github.io/DASHBOARD/PROJECTS/ANIMATION/Generator-Color.html	
css	DASHBOARD/PROJECTS/ANIMATION/Hoverboard.html	https://wahyu9kdl.github.io/DASHBOARD/PROJECTS/ANIMATION/Hoverboard.html	
java	DASHBOARD/PROJECTS/ANIMATION/NAVI-Animation.html	https://wahyu9kdl.github.io/DASHBOARD/PROJECTS/ANIMATION/NAVI-Animation.html	
yesterday	DASHBOARD/PROJECTS/ANIMATION/RGB-COLOR.html	https://wahyu9kdl.github.io/DASHBOARD/PROJECTS/ANIMATION/RGB-COLOR.html	
java	DASHBOARD/PROJECTS/ANIMATION/Sholawat.html	https://wahyu9kdl.github.io/DASHBOARD/PROJECTS/ANIMATION/Sholawat.html	
json	DASHBOARD/PROJECTS/ANIMATION/TEXT.html	https://wahyu9kdl.github.io/DASHBOARD/PROJECTS/ANIMATION/TEXT.html	
yesterday	DASHBOARD/PROJECTS/ANIMATION/index.html	https://wahyu9kdl.github.io/DASHBOARD/PROJECTS/ANIMATION/index.html	
json	DASHBOARD/PROJECTS/ANIMATION/opencollective.md	https://wahyu9kdl.github.io/DASHBOARD/PROJECTS/ANIMATION/opencollective.md	
.gitignore	DASHBOARD/PROJECTS/FACEBOOK/Awfanspage.html	https://wahyu9kdl.github.io/DASHBOARD/PROJECTS/FACEBOOK/Awfanspage.html	
2 days ago	DASHBOARD/PROJECTS/MIKROVER/CHECK DNS.html	https://wahyu9kdl.github.io/DASHBOARD/PROJECTS/MIKROVER/CHECK DNS.html	
.gitignore	DASHBOARD/PROJECTS/MIKROVER/Excample.txt	https://wahyu9kdl.github.io/DASHBOARD/PROJECTS/MIKROVER/Excample.txt	
.htaccess	DASHBOARD/PROJECTS/MIKROVER/HOSTING.html	https://wahyu9kdl.github.io/DASHBOARD/PROJECTS/MIKROVER/HOSTING.html	
6 days ago	DASHBOARD/PROJECTS/MIKROVER/Mikrotik-DNS.html	https://wahyu9kdl.github.io/DASHBOARD/PROJECTS/MIKROVER/Mikrotik-DNS.html	
.htaccess	DASHBOARD/PROJECTS/MIKROVER/Ping.html	https://wahyu9kdl.github.io/DASHBOARD/PROJECTS/MIKROVER/Ping.html	
404.html	DASHBOARD/PROJECTS/PAGE/IFRAME.html	https://wahyu9kdl.github.io/DASHBOARD/PROJECTS/PAGE/IFRAME.html	
2 days ago	DASHBOARD/PROJECTS/wahyu9kdl.github.io_Config.php at main · wahyu9kdl_wahyu9kdl.github.io	https://wahyu9kdl.github.io/DASHBOARD/PROJECTS/wahyu9kdl.github.io_Config.php at main · wahyu9kdl_wahyu9kdl.github.io	
404.html	DASHBOARD/TOOLS/AUTO VISITOR/AUTO VISITOR.html	https://wahyu9kdl.github.io/DASHBOARD/TOOLS/AUTO VISITOR/AUTO VISITOR.html	
Ads.html	DASHBOARD/TOOLS/AUTO VISITOR/autovisitor.class.php	https://wahyu9kdl.github.io/DASHBOARD/TOOLS/AUTO VISITOR/autovisitor.class.php	
23 hours ago	DASHBOARD/TOOLS/AUTO VISITOR/index.php	https://wahyu9kdl.github.io/DASHBOARD/TOOLS/AUTO VISITOR/index.php	
Ads.html	DASHBOARD/TOOLS/AUTO VISITOR/randomua.class.php	https://wahyu9kdl.github.io/DASHBOARD/TOOLS/AUTO VISITOR/randomua.class.php	
AwDev.html	DASHBOARD/TOOLS/iframe-generator.html	https://wahyu9kdl.github.io/DASHBOARD/TOOLS/iframe-generator.html	
23 hours ago	DASHBOARD/index.html	https://wahyu9kdl.github.io/DASHBOARD/index.html	
AwDev.html	HTML/Spoiler.html	https://wahyu9kdl.github.io/HTML/Spoiler.html	
Bootstrap.html	LICENSE	https://wahyu9kdl.github.io/LICENSE	
17 days ago	README.md	https://wahyu9kdl.github.io/README.md	
Bootstrap.html	TXT	https://wahyu9kdl.github.io/TXT	
LICENSE	ads.txt	https://wahyu9kdl.github.io/ads.txt	
23 days ago	ads/ads.txt	https://wahyu9kdl.github.io/ads/ads.txt	
LICENSE	ads/amp.js	https://wahyu9kdl.github.io/ads/amp.js	
README.md	ads/f.txt	https://wahyu9kdl.github.io/ads/f.txt	
23 hours ago	css/animate.css	https://wahyu9kdl.github.io/css/animate.css	
README.md	css/bootstrap.css	https://wahyu9kdl.github.io/css/bootstrap.css	
TXT	css/fontawesome-all.css	https://wahyu9kdl.github.io/css/fontawesome-all.css	
11 days ago	faq.html	https://wahyu9kdl.github.io/faq.html	
TXT	index.html	https://wahyu9kdl.github.io/index.html	
ads.txt	java/package.java	https://wahyu9kdl.github.io/java/package.java	
2 days ago	json/Ads.json	https://wahyu9kdl.github.io/json/Ads.json	
ads.txt	json/package.json	https://wahyu9kdl.github.io/json/package.json	
faq.html	robots.txt	https://wahyu9kdl.github.io/robots.txt	
6 days ago			
faq.html			
index.html			
2 days ago			
index.html			
robots.txt			
7 days ago			
robots.txt			
README.md			
wahyu9kdl.github.io			
			
			
