topic_title,categories,is_pm,post,like_count,reply_count,url,created_at
Thank you for spending time with us :tada:,-,Yes," , I' AWDEV 
 Hi, I am a beginner in programming. I recently made projects on github. Can you contribute and support by being a sponsor of my projects?
 My Profile : https://wahyu9kdl.github.io/
 My Bloog : https://www.alhikmah.my.id
 Acces Cloudflare : https://awdev.cloudflareaccess.com/
 Support & SPONSORED : 
 Sponsor this project
 patreon
 patreon.com/Awfanspage
 open_collective
 opencollective.com/wahyu9kdl
 ko_fi
 ko-fi.com/Awfanspage
 https://paypal.me/wahyudi9kdl
 https://trakteer.id/awfanspage/tip
 https://saweria.co/AwGroupChannel
 https://www.patreon.com/join/Awfanspage/",0,0,https://github.community/t/thank-you-for-spending-time-with-us/241769/2,2022-03-30T02:13:23.620Z
